timestamp,symbol,timeframe,open,high,low,close,volume,vwap,trade_count,source,adjusted,adjustment_type,is_complete,received_at
2024-01-02T14:30:00+00:00,SPY,1m,459.48,459.93,459.4,459.85,10130.0,459.71,60,alpaca,true,all,true,
2024-01-02T14:31:00+00:00,SPY,1m,459.8,460.02,459.71,459.99,10505.0,459.81,50,alpaca,true,all,true,
2024-01-02T14:32:00+00:00,SPY,1m,459.98,460.1,459.98,460.07,3120.0,460.04,23,alpaca,true,all,true,
2024-01-02T14:33:00+00:00,SPY,1m,460.05,460.05,459.8,459.98,2854.0,459.92,34,alpaca,true,all,true,
2024-01-02T14:34:00+00:00,SPY,1m,459.98,460.07,459.94,459.95,1575.0,460.02,23,alpaca,true,all,true,
2024-01-02T14:35:00+00:00,SPY,1m,459.93,460.0,459.82,459.95,1683.0,459.91,20,alpaca,true,all,true,
2024-01-02T14:36:00+00:00,SPY,1m,459.95,460.01,459.86,459.98,3922.0,459.95,26,alpaca,true,all,true,
2024-01-02T14:37:00+00:00,SPY,1m,459.99,460.02,459.8,459.85,1838.0,459.91,19,alpaca,true,all,true,
2024-01-02T14:38:00+00:00,SPY,1m,459.75,459.77,459.36,459.42,4819.0,459.55,52,alpaca,true,all,true,
2024-01-02T14:39:00+00:00,SPY,1m,459.41,459.43,459.24,459.25,3795.0,459.31,35,alpaca,true,all,true,
2024-01-02T14:40:00+00:00,SPY,1m,459.34,459.43,459.1,459.16,3257.0,459.23,42,alpaca,true,all,true,
2024-01-02T14:41:00+00:00,SPY,1m,459.26,459.34,459.12,459.19,3063.0,459.23,24,alpaca,true,all,true,
2024-01-02T14:42:00+00:00,SPY,1m,459.19,459.31,459.14,459.15,5428.0,459.22,43,alpaca,true,all,true,
2024-01-02T14:43:00+00:00,SPY,1m,459.16,459.22,459.07,459.1,7280.0,459.15,46,alpaca,true,all,true,
2024-01-02T14:44:00+00:00,SPY,1m,459.15,459.24,459.12,459.15,3080.0,459.14,19,alpaca,true,all,true,
2024-01-02T14:45:00+00:00,SPY,1m,459.15,459.2,459.08,459.08,4224.0,459.13,24,alpaca,true,all,true,
2024-01-02T14:46:00+00:00,SPY,1m,459.15,459.43,459.15,459.29,3160.0,459.28,34,alpaca,true,all,true,
2024-01-02T14:47:00+00:00,SPY,1m,459.21,459.22,459.1,459.1,1439.0,459.17,21,alpaca,true,all,true,
2024-01-02T14:48:00+00:00,SPY,1m,459.11,459.11,458.81,458.82,2790.0,458.87,23,alpaca,true,all,true,
2024-01-02T14:49:00+00:00,SPY,1m,458.79,458.88,458.75,458.76,4030.0,458.8,34,alpaca,true,all,true,
2024-01-02T14:50:00+00:00,SPY,1m,458.74,459.07,458.72,459.06,6204.0,458.8,47,alpaca,true,all,true,
2024-01-02T14:51:00+00:00,SPY,1m,459.03,459.25,459.03,459.22,5779.0,459.17,52,alpaca,true,all,true,
2024-01-02T14:52:00+00:00,SPY,1m,459.22,459.23,458.93,458.99,6078.0,459.04,55,alpaca,true,all,true,
2024-01-02T14:53:00+00:00,SPY,1m,459.02,459.02,458.84,458.86,7868.0,458.94,65,alpaca,true,all,true,
2024-01-02T14:54:00+00:00,SPY,1m,458.84,458.87,458.77,458.78,3582.0,458.83,36,alpaca,true,all,true,
2024-01-02T14:55:00+00:00,SPY,1m,458.76,458.92,458.76,458.82,7929.0,458.85,54,alpaca,true,all,true,
2024-01-02T14:56:00+00:00,SPY,1m,458.88,458.92,458.77,458.81,3636.0,458.82,29,alpaca,true,all,true,
2024-01-02T14:57:00+00:00,SPY,1m,458.79,459.07,458.79,459.03,7009.0,458.92,38,alpaca,true,all,true,
2024-01-02T14:58:00+00:00,SPY,1m,459.11,459.26,459.11,459.26,4195.0,459.22,36,alpaca,true,all,true,
2024-01-02T14:59:00+00:00,SPY,1m,459.29,459.56,459.28,459.54,4523.0,459.42,46,alpaca,true,all,true,
2024-01-02T15:00:00+00:00,SPY,1m,459.61,459.88,459.48,459.85,6334.0,459.69,59,alpaca,true,all,true,
2024-01-02T15:01:00+00:00,SPY,1m,459.79,459.85,459.73,459.85,2067.0,459.79,19,alpaca,true,all,true,
2024-01-02T15:02:00+00:00,SPY,1m,459.89,459.94,459.8,459.8,2766.0,459.87,27,alpaca,true,all,true,
2024-01-02T15:03:00+00:00,SPY,1m,459.89,460.0,459.82,460.0,2240.0,459.87,15,alpaca,true,all,true,
2024-01-02T15:04:00+00:00,SPY,1m,459.9,459.9,459.8,459.8,3429.0,459.84,31,alpaca,true,all,true,
2024-01-02T15:05:00+00:00,SPY,1m,459.8,459.89,459.76,459.79,4084.0,459.82,31,alpaca,true,all,true,
2024-01-02T15:06:00+00:00,SPY,1m,459.67,459.83,459.67,459.73,2310.0,459.73,17,alpaca,true,all,true,
2024-01-02T15:07:00+00:00,SPY,1m,459.8,459.8,459.6,459.6,1406.0,459.7,20,alpaca,true,all,true,
2024-01-02T15:08:00+00:00,SPY,1m,459.62,459.62,459.35,459.43,8487.0,459.44,64,alpaca,true,all,true,
2024-01-02T15:09:00+00:00,SPY,1m,459.46,459.68,459.46,459.68,1426.0,459.59,18,alpaca,true,all,true,
2024-01-02T15:10:00+00:00,SPY,1m,459.59,459.76,459.51,459.52,6232.0,459.65,54,alpaca,true,all,true,
2024-01-02T15:11:00+00:00,SPY,1m,459.48,459.64,459.48,459.52,1171.0,459.54,18,alpaca,true,all,true,
2024-01-02T15:12:00+00:00,SPY,1m,459.5,459.64,459.47,459.64,4530.0,459.54,52,alpaca,true,all,true,
2024-01-02T15:13:00+00:00,SPY,1m,459.69,459.78,459.69,459.7,4421.0,459.73,37,alpaca,true,all,true,
2024-01-02T15:14:00+00:00,SPY,1m,459.7,459.7,459.36,459.38,1541.0,459.48,20,alpaca,true,all,true,
2024-01-02T15:15:00+00:00,SPY,1m,459.42,459.44,459.3,459.3,9138.0,459.37,55,alpaca,true,all,true,
2024-01-02T15:16:00+00:00,SPY,1m,459.36,459.48,459.36,459.48,1209.0,459.41,14,alpaca,true,all,true,
2024-01-02T15:17:00+00:00,SPY,1m,459.34,459.57,459.34,459.51,1612.0,459.46,21,alpaca,true,all,true,
2024-01-02T15:18:00+00:00,SPY,1m,459.46,459.54,459.42,459.42,765.0,459.47,13,alpaca,true,all,true,
2024-01-02T15:19:00+00:00,SPY,1m,459.45,459.53,459.41,459.41,1770.0,459.47,20,alpaca,true,all,true,
2024-01-02T15:20:00+00:00,SPY,1m,459.38,459.45,459.37,459.45,3611.0,459.44,24,alpaca,true,all,true,
2024-01-02T15:21:00+00:00,SPY,1m,459.47,459.73,459.47,459.6,3033.0,459.6,32,alpaca,true,all,true,
2024-01-02T15:22:00+00:00,SPY,1m,459.63,459.64,459.56,459.61,1802.0,459.61,22,alpaca,true,all,true,
2024-01-02T15:23:00+00:00,SPY,1m,459.57,459.72,459.53,459.72,1462.0,459.62,18,alpaca,true,all,true,
2024-01-02T15:24:00+00:00,SPY,1m,459.7,459.7,459.54,459.54,9901.0,459.63,69,alpaca,true,all,true,
2024-01-02T15:25:00+00:00,SPY,1m,459.65,459.65,459.45,459.45,2360.0,459.61,29,alpaca,true,all,true,
2024-01-02T15:26:00+00:00,SPY,1m,459.42,459.43,459.15,459.18,3244.0,459.32,32,alpaca,true,all,true,
2024-01-02T15:27:00+00:00,SPY,1m,459.18,459.31,459.18,459.19,1217.0,459.24,17,alpaca,true,all,true,
2024-01-02T15:28:00+00:00,SPY,1m,459.14,459.16,458.95,459.02,7446.0,459.1,56,alpaca,true,all,true,
2024-01-02T15:29:00+00:00,SPY,1m,459.16,459.2,459.16,459.17,474.0,459.18,8,alpaca,true,all,true,
2024-01-02T15:30:00+00:00,SPY,1m,459.09,459.09,458.86,458.86,3063.0,459.0,37,alpaca,true,all,true,
2024-01-02T15:31:00+00:00,SPY,1m,458.87,458.89,458.84,458.85,5990.0,458.86,34,alpaca,true,all,true,
2024-01-02T15:32:00+00:00,SPY,1m,458.81,458.87,458.75,458.75,5967.0,458.81,42,alpaca,true,all,true,
2024-01-02T15:33:00+00:00,SPY,1m,458.87,458.87,458.83,458.83,1852.0,458.84,21,alpaca,true,all,true,
2024-01-02T15:34:00+00:00,SPY,1m,458.84,458.9,458.82,458.86,2904.0,458.86,31,alpaca,true,all,true,
2024-01-02T15:35:00+00:00,SPY,1m,458.83,458.84,458.77,458.8,2324.0,458.81,31,alpaca,true,all,true,
2024-01-02T15:36:00+00:00,SPY,1m,458.82,458.83,458.77,458.77,1007.0,458.81,21,alpaca,true,all,true,
2024-01-02T15:37:00+00:00,SPY,1m,458.79,458.82,458.74,458.74,1898.0,458.79,24,alpaca,true,all,true,
2024-01-02T15:38:00+00:00,SPY,1m,458.76,458.76,458.69,458.71,3557.0,458.72,41,alpaca,true,all,true,
2024-01-02T15:39:00+00:00,SPY,1m,458.79,458.88,458.75,458.86,3273.0,458.83,30,alpaca,true,all,true,
2024-01-02T15:40:00+00:00,SPY,1m,458.9,459.06,458.83,459.02,10768.0,458.91,87,alpaca,true,all,true,
2024-01-02T15:41:00+00:00,SPY,1m,458.98,458.98,458.87,458.91,6478.0,458.92,25,alpaca,true,all,true,
2024-01-02T15:42:00+00:00,SPY,1m,458.91,459.02,458.91,458.98,2640.0,458.95,23,alpaca,true,all,true,
2024-01-02T15:43:00+00:00,SPY,1m,459.02,459.09,459.0,459.09,1721.0,459.03,22,alpaca,true,all,true,
2024-01-02T15:44:00+00:00,SPY,1m,459.19,459.28,459.19,459.28,1019.0,459.24,19,alpaca,true,all,true,
2024-01-02T15:45:00+00:00,SPY,1m,459.17,459.34,459.17,459.29,975.0,459.29,17,alpaca,true,all,true,
2024-01-02T15:46:00+00:00,SPY,1m,459.27,459.27,459.19,459.19,716.0,459.23,9,alpaca,true,all,true,
2024-01-02T15:47:00+00:00,SPY,1m,459.14,459.17,459.09,459.11,885.0,459.13,13,alpaca,true,all,true,
2024-01-02T15:48:00+00:00,SPY,1m,459.09,459.18,459.07,459.18,1967.0,459.13,23,alpaca,true,all,true,
2024-01-02T15:49:00+00:00,SPY,1m,459.18,459.25,458.98,458.99,1537.0,459.07,18,alpaca,true,all,true,
2024-01-02T15:50:00+00:00,SPY,1m,459.02,459.09,458.97,459.03,1055.0,459.03,19,alpaca,true,all,true,
2024-01-02T15:51:00+00:00,SPY,1m,459.01,459.16,458.97,459.16,2089.0,459.0,26,alpaca,true,all,true,
2024-01-02T15:52:00+00:00,SPY,1m,459.21,459.21,459.09,459.15,2314.0,459.16,31,alpaca,true,all,true,
2024-01-02T15:53:00+00:00,SPY,1m,459.16,459.16,459.06,459.07,2455.0,459.12,31,alpaca,true,all,true,
2024-01-02T15:54:00+00:00,SPY,1m,458.99,459.03,458.98,459.03,794.0,458.99,35,alpaca,true,all,true,
2024-01-02T15:55:00+00:00,SPY,1m,459.06,459.07,458.99,459.04,2091.0,459.03,26,alpaca,true,all,true,
2024-01-02T15:56:00+00:00,SPY,1m,459.06,459.11,459.06,459.1,653.0,459.09,23,alpaca,true,all,true,
2024-01-02T15:57:00+00:00,SPY,1m,459.06,459.08,458.92,458.93,1731.0,458.99,35,alpaca,true,all,true,
2024-01-02T15:58:00+00:00,SPY,1m,458.83,458.96,458.83,458.92,1752.0,458.92,26,alpaca,true,all,true,
2024-01-02T15:59:00+00:00,SPY,1m,458.98,459.07,458.9,459.07,2156.0,458.97,26,alpaca,true,all,true,
2024-01-02T16:00:00+00:00,SPY,1m,459.04,459.17,458.99,459.17,1730.0,459.09,24,alpaca,true,all,true,
2024-01-02T16:01:00+00:00,SPY,1m,459.25,459.26,459.14,459.14,1582.0,459.21,24,alpaca,true,all,true,
2024-01-02T16:02:00+00:00,SPY,1m,459.08,459.25,459.08,459.24,1247.0,459.16,30,alpaca,true,all,true,
2024-01-02T16:03:00+00:00,SPY,1m,459.2,459.2,459.2,459.2,170.0,459.2,7,alpaca,true,all,true,
2024-01-02T16:04:00+00:00,SPY,1m,459.25,459.46,459.25,459.44,1433.0,459.41,23,alpaca,true,all,true,
2024-01-02T16:05:00+00:00,SPY,1m,459.38,459.42,459.37,459.38,949.0,459.39,18,alpaca,true,all,true,
2024-01-02T16:06:00+00:00,SPY,1m,459.25,459.28,459.23,459.28,1051.0,459.26,23,alpaca,true,all,true,
2024-01-02T16:07:00+00:00,SPY,1m,459.35,459.35,459.27,459.3,4795.0,459.31,17,alpaca,true,all,true,
2024-01-02T16:08:00+00:00,SPY,1m,459.22,459.27,459.22,459.26,3205.0,459.24,30,alpaca,true,all,true,
2024-01-02T16:09:00+00:00,SPY,1m,459.38,459.48,459.38,459.48,405.0,459.41,5,alpaca,true,all,true,
2024-01-02T16:10:00+00:00,SPY,1m,459.59,459.73,459.57,459.61,2147.0,459.61,28,alpaca,true,all,true,
2024-01-02T16:11:00+00:00,SPY,1m,459.71,459.76,459.7,459.7,2569.0,459.74,31,alpaca,true,all,true,
2024-01-02T16:12:00+00:00,SPY,1m,459.58,459.58,459.58,459.58,166.0,459.58,6,alpaca,true,all,true,
2024-01-02T16:13:00+00:00,SPY,1m,459.44,459.44,459.31,459.36,1081.0,459.37,19,alpaca,true,all,true,
2024-01-02T16:14:00+00:00,SPY,1m,459.41,459.51,459.4,459.5,2602.0,459.45,19,alpaca,true,all,true,
2024-01-02T16:15:00+00:00,SPY,1m,459.48,459.65,459.48,459.65,1901.0,459.58,16,alpaca,true,all,true,
2024-01-02T16:16:00+00:00,SPY,1m,459.63,459.7,459.6,459.66,766.0,459.65,15,alpaca,true,all,true,
2024-01-02T16:17:00+00:00,SPY,1m,459.57,459.57,459.51,459.57,2243.0,459.54,17,alpaca,true,all,true,
2024-01-02T16:18:00+00:00,SPY,1m,459.57,459.61,459.52,459.52,935.0,459.57,14,alpaca,true,all,true,
2024-01-02T16:19:00+00:00,SPY,1m,459.5,459.57,459.45,459.57,8734.0,459.5,31,alpaca,true,all,true,
2024-01-02T16:20:00+00:00,SPY,1m,459.53,459.64,459.52,459.53,8185.0,459.57,27,alpaca,true,all,true,
2024-01-02T16:21:00+00:00,SPY,1m,459.43,459.51,459.43,459.48,3908.0,459.47,20,alpaca,true,all,true,
2024-01-02T16:22:00+00:00,SPY,1m,459.48,459.64,459.43,459.64,6145.0,459.46,18,alpaca,true,all,true,
2024-01-02T16:23:00+00:00,SPY,1m,459.47,459.49,459.47,459.49,662.0,459.49,12,alpaca,true,all,true,
2024-01-02T16:24:00+00:00,SPY,1m,459.43,459.45,459.33,459.39,4538.0,459.39,38,alpaca,true,all,true,
2024-01-02T16:25:00+00:00,SPY,1m,459.42,459.42,459.4,459.42,890.0,459.41,18,alpaca,true,all,true,
2024-01-02T16:26:00+00:00,SPY,1m,459.46,459.53,459.43,459.44,1428.0,459.47,26,alpaca,true,all,true,
2024-01-02T16:27:00+00:00,SPY,1m,459.45,459.49,459.45,459.48,608.0,459.47,9,alpaca,true,all,true,
2024-01-02T16:28:00+00:00,SPY,1m,459.51,459.6,459.51,459.58,4228.0,459.55,46,alpaca,true,all,true,
2024-01-02T16:29:00+00:00,SPY,1m,459.6,459.67,459.58,459.67,890.0,459.61,25,alpaca,true,all,true,
2024-01-02T16:30:00+00:00,SPY,1m,459.64,459.8,459.64,459.74,2668.0,459.71,39,alpaca,true,all,true,
2024-01-02T16:31:00+00:00,SPY,1m,459.68,459.78,459.68,459.73,1046.0,459.73,18,alpaca,true,all,true,
2024-01-02T16:32:00+00:00,SPY,1m,459.75,459.84,459.71,459.81,5051.0,459.76,45,alpaca,true,all,true,
2024-01-02T16:33:00+00:00,SPY,1m,459.92,459.92,459.88,459.9,1230.0,459.9,17,alpaca,true,all,true,
2024-01-02T16:34:00+00:00,SPY,1m,459.89,459.94,459.89,459.92,1557.0,459.92,20,alpaca,true,all,true,
2024-01-02T16:35:00+00:00,SPY,1m,459.93,459.93,459.77,459.8,4299.0,459.81,28,alpaca,true,all,true,
2024-01-02T16:36:00+00:00,SPY,1m,459.78,459.82,459.76,459.82,1121.0,459.8,21,alpaca,true,all,true,
2024-01-02T16:37:00+00:00,SPY,1m,459.88,459.95,459.86,459.94,1399.0,459.89,19,alpaca,true,all,true,
2024-01-02T16:38:00+00:00,SPY,1m,459.82,459.84,459.82,459.83,528.0,459.83,7,alpaca,true,all,true,
2024-01-02T16:39:00+00:00,SPY,1m,459.84,459.85,459.76,459.76,1242.0,459.81,14,alpaca,true,all,true,
2024-01-02T16:40:00+00:00,SPY,1m,459.73,459.76,459.72,459.76,1026.0,459.74,20,alpaca,true,all,true,
2024-01-02T16:41:00+00:00,SPY,1m,459.75,459.8,459.71,459.79,2476.0,459.76,29,alpaca,true,all,true,
2024-01-02T16:42:00+00:00,SPY,1m,459.79,459.89,459.78,459.88,4879.0,459.83,45,alpaca,true,all,true,
2024-01-02T16:43:00+00:00,SPY,1m,459.87,459.92,459.87,459.9,4799.0,459.89,45,alpaca,true,all,true,
2024-01-02T16:44:00+00:00,SPY,1m,459.87,459.94,459.87,459.94,565.0,459.91,14,alpaca,true,all,true,
2024-01-02T16:45:00+00:00,SPY,1m,459.98,460.13,459.95,460.13,4634.0,460.03,36,alpaca,true,all,true,
2024-01-02T16:46:00+00:00,SPY,1m,460.19,460.44,460.13,460.39,4170.0,460.34,43,alpaca,true,all,true,
2024-01-02T16:47:00+00:00,SPY,1m,460.36,460.37,460.29,460.36,1955.0,460.34,21,alpaca,true,all,true,
2024-01-02T16:48:00+00:00,SPY,1m,460.36,460.41,460.25,460.27,2186.0,460.37,20,alpaca,true,all,true,
2024-01-02T16:49:00+00:00,SPY,1m,460.34,460.39,460.34,460.38,3323.0,460.38,18,alpaca,true,all,true,
2024-01-02T16:50:00+00:00,SPY,1m,460.43,460.43,460.33,460.35,2166.0,460.35,24,alpaca,true,all,true,
2024-01-02T16:51:00+00:00,SPY,1m,460.35,460.44,460.34,460.43,5501.0,460.4,47,alpaca,true,all,true,
2024-01-02T16:52:00+00:00,SPY,1m,460.42,460.46,460.27,460.27,16936.0,460.37,70,alpaca,true,all,true,
2024-01-02T16:53:00+00:00,SPY,1m,460.27,460.43,460.2,460.37,20730.0,460.31,75,alpaca,true,all,true,
2024-01-02T16:54:00+00:00,SPY,1m,460.35,460.37,460.32,460.34,1653.0,460.35,21,alpaca,true,all,true,
2024-01-02T16:55:00+00:00,SPY,1m,460.34,460.42,460.32,460.42,2750.0,460.38,32,alpaca,true,all,true,
2024-01-02T16:56:00+00:00,SPY,1m,460.41,460.56,460.41,460.52,16545.0,460.47,40,alpaca,true,all,true,
2024-01-02T16:57:00+00:00,SPY,1m,460.47,460.47,460.42,460.43,2406.0,460.44,41,alpaca,true,all,true,
2024-01-02T16:58:00+00:00,SPY,1m,460.49,460.49,460.41,460.41,3443.0,460.47,43,alpaca,true,all,true,
2024-01-02T16:59:00+00:00,SPY,1m,460.41,460.44,460.36,460.42,2718.0,460.4,42,alpaca,true,all,true,
2024-01-02T17:00:00+00:00,SPY,1m,460.52,460.59,460.5,460.57,2437.0,460.53,29,alpaca,true,all,true,
2024-01-02T17:01:00+00:00,SPY,1m,460.6,460.64,460.58,460.58,1713.0,460.62,23,alpaca,true,all,true,
2024-01-02T17:02:00+00:00,SPY,1m,460.51,460.54,460.48,460.54,1957.0,460.5,24,alpaca,true,all,true,
2024-01-02T17:03:00+00:00,SPY,1m,460.52,460.54,460.49,460.52,1342.0,460.52,18,alpaca,true,all,true,
2024-01-02T17:04:00+00:00,SPY,1m,460.57,460.57,460.49,460.52,1828.0,460.54,33,alpaca,true,all,true,
2024-01-02T17:05:00+00:00,SPY,1m,460.52,460.54,460.51,460.52,1207.0,460.53,22,alpaca,true,all,true,
2024-01-02T17:06:00+00:00,SPY,1m,460.52,460.52,460.43,460.43,1065.0,460.48,16,alpaca,true,all,true,
2024-01-02T17:07:00+00:00,SPY,1m,460.51,460.51,460.5,460.51,401.0,460.5,5,alpaca,true,all,true,
2024-01-02T17:08:00+00:00,SPY,1m,460.55,460.58,460.53,460.53,6326.0,460.56,47,alpaca,true,all,true,
2024-01-02T17:09:00+00:00,SPY,1m,460.49,460.53,460.47,460.47,1385.0,460.5,15,alpaca,true,all,true,
2024-01-02T17:10:00+00:00,SPY,1m,460.5,460.58,460.5,460.57,1159.0,460.55,19,alpaca,true,all,true,
2024-01-02T17:11:00+00:00,SPY,1m,460.59,460.6,460.52,460.6,699.0,460.57,10,alpaca,true,all,true,
2024-01-02T17:12:00+00:00,SPY,1m,460.64,460.65,460.52,460.52,1737.0,460.6,34,alpaca,true,all,true,
2024-01-02T17:13:00+00:00,SPY,1m,460.51,460.52,460.51,460.51,371.0,460.51,9,alpaca,true,all,true,
2024-01-02T17:14:00+00:00,SPY,1m,460.6,460.6,460.59,460.59,313.0,460.59,6,alpaca,true,all,true,
2024-01-02T17:15:00+00:00,SPY,1m,460.53,460.53,460.46,460.51,4254.0,460.48,45,alpaca,true,all,true,
2024-01-02T17:16:00+00:00,SPY,1m,460.5,460.5,460.34,460.39,2743.0,460.41,34,alpaca,true,all,true,
2024-01-02T17:17:00+00:00,SPY,1m,460.18,460.19,460.12,460.19,1058.0,460.17,17,alpaca,true,all,true,
2024-01-02T17:18:00+00:00,SPY,1m,460.19,460.26,460.17,460.24,594.0,460.22,12,alpaca,true,all,true,
2024-01-02T17:19:00+00:00,SPY,1m,460.24,460.31,460.24,460.3,847.0,460.28,13,alpaca,true,all,true,
2024-01-02T17:20:00+00:00,SPY,1m,460.37,460.49,460.24,460.33,1785.0,460.34,19,alpaca,true,all,true,
2024-01-02T17:21:00+00:00,SPY,1m,460.48,460.52,460.48,460.52,3324.0,460.51,41,alpaca,true,all,true,
2024-01-02T17:22:00+00:00,SPY,1m,460.52,460.52,460.3,460.33,2662.0,460.37,30,alpaca,true,all,true,
2024-01-02T17:23:00+00:00,SPY,1m,460.27,460.31,460.27,460.31,296.0,460.29,7,alpaca,true,all,true,
2024-01-02T17:24:00+00:00,SPY,1m,460.31,460.39,460.25,460.34,4357.0,460.3,40,alpaca,true,all,true,
2024-01-02T17:25:00+00:00,SPY,1m,460.32,460.36,460.24,460.36,1144.0,460.28,15,alpaca,true,all,true,
2024-01-02T17:26:00+00:00,SPY,1m,460.39,460.44,460.3,460.3,1010.0,460.39,10,alpaca,true,all,true,
2024-01-02T17:27:00+00:00,SPY,1m,460.27,460.28,460.26,460.26,1053.0,460.28,12,alpaca,true,all,true,
2024-01-02T17:28:00+00:00,SPY,1m,460.34,460.46,460.34,460.41,2209.0,460.38,26,alpaca,true,all,true,
2024-01-02T17:29:00+00:00,SPY,1m,460.39,460.39,460.29,460.29,1160.0,460.35,15,alpaca,true,all,true,
2024-01-02T17:30:00+00:00,SPY,1m,460.29,460.34,460.27,460.27,1202.0,460.31,21,alpaca,true,all,true,
2024-01-02T17:31:00+00:00,SPY,1m,460.27,460.41,460.27,460.41,789.0,460.33,19,alpaca,true,all,true,
2024-01-02T17:32:00+00:00,SPY,1m,460.38,460.47,460.38,460.47,2950.0,460.41,31,alpaca,true,all,true,
2024-01-02T17:33:00+00:00,SPY,1m,460.51,460.52,460.42,460.42,1113.0,460.46,19,alpaca,true,all,true,
2024-01-02T17:34:00+00:00,SPY,1m,460.48,460.52,460.44,460.52,5219.0,460.47,34,alpaca,true,all,true,
2024-01-02T17:35:00+00:00,SPY,1m,460.51,460.59,460.51,460.59,859.0,460.55,15,alpaca,true,all,true,
2024-01-02T17:36:00+00:00,SPY,1m,460.55,460.71,460.55,460.63,1038.0,460.64,17,alpaca,true,all,true,
2024-01-02T17:37:00+00:00,SPY,1m,460.66,460.66,460.63,460.63,1785.0,460.65,17,alpaca,true,all,true,
2024-01-02T17:38:00+00:00,SPY,1m,460.73,460.8,460.71,460.8,3444.0,460.78,21,alpaca,true,all,true,
2024-01-02T17:39:00+00:00,SPY,1m,460.76,460.78,460.76,460.78,698.0,460.77,8,alpaca,true,all,true,
2024-01-02T17:40:00+00:00,SPY,1m,460.82,460.93,460.82,460.88,3280.0,460.9,31,alpaca,true,all,true,
2024-01-02T17:41:00+00:00,SPY,1m,460.89,460.89,460.88,460.89,500.0,460.88,6,alpaca,true,all,true,
2024-01-02T17:42:00+00:00,SPY,1m,460.89,460.89,460.8,460.87,5477.0,460.86,42,alpaca,true,all,true,
2024-01-02T17:43:00+00:00,SPY,1m,460.74,460.84,460.74,460.79,1545.0,460.77,13,alpaca,true,all,true,
2024-01-02T17:44:00+00:00,SPY,1m,460.8,460.8,460.79,460.79,201.0,460.79,3,alpaca,true,all,true,
2024-01-02T17:45:00+00:00,SPY,1m,460.77,460.77,460.61,460.61,792.0,460.68,13,alpaca,true,all,true,
2024-01-02T17:46:00+00:00,SPY,1m,460.6,460.66,460.58,460.58,627.0,460.62,11,alpaca,true,all,true,
2024-01-02T17:47:00+00:00,SPY,1m,460.59,460.59,460.53,460.53,1952.0,460.57,18,alpaca,true,all,true,
2024-01-02T17:48:00+00:00,SPY,1m,460.51,460.55,460.28,460.32,2827.0,460.47,26,alpaca,true,all,true,
2024-01-02T17:49:00+00:00,SPY,1m,460.36,460.36,460.25,460.32,1269.0,460.3,22,alpaca,true,all,true,
2024-01-02T17:50:00+00:00,SPY,1m,460.36,460.36,460.24,460.28,1378.0,460.28,21,alpaca,true,all,true,
2024-01-02T17:51:00+00:00,SPY,1m,460.26,460.26,460.09,460.17,806.0,460.17,16,alpaca,true,all,true,
2024-01-02T17:52:00+00:00,SPY,1m,460.16,460.19,460.12,460.16,3027.0,460.16,31,alpaca,true,all,true,
2024-01-02T17:53:00+00:00,SPY,1m,460.19,460.21,460.16,460.17,1866.0,460.19,33,alpaca,true,all,true,
2024-01-02T17:54:00+00:00,SPY,1m,460.14,460.26,460.14,460.16,2690.0,460.18,21,alpaca,true,all,true,
2024-01-02T17:55:00+00:00,SPY,1m,460.15,460.2,459.95,459.98,4470.0,460.09,31,alpaca,true,all,true,
2024-01-02T17:56:00+00:00,SPY,1m,459.97,460.11,459.93,460.08,2146.0,460.01,33,alpaca,true,all,true,
2024-01-02T17:57:00+00:00,SPY,1m,460.0,460.02,459.99,460.02,1252.0,460.01,11,alpaca,true,all,true,
2024-01-02T17:58:00+00:00,SPY,1m,460.01,460.04,459.93,459.93,1978.0,459.98,28,alpaca,true,all,true,
2024-01-02T17:59:00+00:00,SPY,1m,460.0,460.0,459.99,460.0,597.0,460.0,13,alpaca,true,all,true,
2024-01-02T18:00:00+00:00,SPY,1m,459.91,459.96,459.86,459.86,1325.0,459.91,19,alpaca,true,all,true,
2024-01-02T18:01:00+00:00,SPY,1m,459.85,459.96,459.85,459.93,4002.0,459.93,23,alpaca,true,all,true,
2024-01-02T18:02:00+00:00,SPY,1m,459.92,459.92,459.76,459.83,3268.0,459.84,30,alpaca,true,all,true,
2024-01-02T18:03:00+00:00,SPY,1m,459.83,459.86,459.8,459.83,1129.0,459.84,25,alpaca,true,all,true,
2024-01-02T18:04:00+00:00,SPY,1m,459.81,459.81,459.76,459.76,1550.0,459.77,24,alpaca,true,all,true,
2024-01-02T18:05:00+00:00,SPY,1m,459.82,459.87,459.82,459.87,1786.0,459.84,31,alpaca,true,all,true,
2024-01-02T18:06:00+00:00,SPY,1m,459.89,459.9,459.85,459.85,859.0,459.88,21,alpaca,true,all,true,
2024-01-02T18:07:00+00:00,SPY,1m,459.8,459.8,459.77,459.8,2000.0,459.79,25,alpaca,true,all,true,
2024-01-02T18:08:00+00:00,SPY,1m,459.79,459.79,459.73,459.74,4165.0,459.76,63,alpaca,true,all,true,
2024-01-02T18:09:00+00:00,SPY,1m,459.74,459.74,459.67,459.73,1302.0,459.7,29,alpaca,true,all,true,
2024-01-02T18:10:00+00:00,SPY,1m,459.7,459.77,459.62,459.77,11321.0,459.7,62,alpaca,true,all,true,
2024-01-02T18:11:00+00:00,SPY,1m,459.78,459.81,459.76,459.79,1269.0,459.78,24,alpaca,true,all,true,
2024-01-02T18:12:00+00:00,SPY,1m,459.84,459.84,459.8,459.82,1333.0,459.82,21,alpaca,true,all,true,
2024-01-02T18:13:00+00:00,SPY,1m,459.89,459.89,459.87,459.87,698.0,459.88,14,alpaca,true,all,true,
2024-01-02T18:14:00+00:00,SPY,1m,459.92,460.0,459.92,459.96,2559.0,459.96,41,alpaca,true,all,true,
2024-01-02T18:15:00+00:00,SPY,1m,459.93,459.97,459.86,459.97,5238.0,459.92,53,alpaca,true,all,true,
2024-01-02T18:16:00+00:00,SPY,1m,459.91,459.91,459.85,459.86,1389.0,459.9,24,alpaca,true,all,true,
2024-01-02T18:17:00+00:00,SPY,1m,459.85,459.96,459.85,459.95,999.0,459.91,22,alpaca,true,all,true,
2024-01-02T18:18:00+00:00,SPY,1m,459.98,460.08,459.98,460.05,1067.0,460.03,18,alpaca,true,all,true,
2024-01-02T18:19:00+00:00,SPY,1m,460.06,460.06,460.0,460.01,993.0,460.02,22,alpaca,true,all,true,
2024-01-02T18:20:00+00:00,SPY,1m,460.05,460.05,459.97,460.0,3737.0,459.98,26,alpaca,true,all,true,
2024-01-02T18:21:00+00:00,SPY,1m,459.99,460.01,459.95,459.95,1846.0,459.99,21,alpaca,true,all,true,
2024-01-02T18:22:00+00:00,SPY,1m,459.98,459.98,459.85,459.85,1489.0,459.94,21,alpaca,true,all,true,
2024-01-02T18:23:00+00:00,SPY,1m,459.89,459.95,459.88,459.88,1716.0,459.92,18,alpaca,true,all,true,
2024-01-02T18:24:00+00:00,SPY,1m,459.95,460.13,459.94,460.09,1947.0,460.03,23,alpaca,true,all,true,
2024-01-02T18:25:00+00:00,SPY,1m,460.11,460.11,460.05,460.05,393.0,460.08,9,alpaca,true,all,true,
2024-01-02T18:26:00+00:00,SPY,1m,460.09,460.2,460.09,460.19,854.0,460.14,19,alpaca,true,all,true,
2024-01-02T18:27:00+00:00,SPY,1m,460.23,460.27,460.07,460.07,1153.0,460.18,15,alpaca,true,all,true,
2024-01-02T18:28:00+00:00,SPY,1m,460.09,460.13,460.05,460.09,2250.0,460.09,30,alpaca,true,all,true,
2024-01-02T18:29:00+00:00,SPY,1m,460.1,460.1,459.98,459.99,1142.0,460.07,16,alpaca,true,all,true,
2024-01-02T18:30:00+00:00,SPY,1m,459.92,460.0,459.87,460.0,1012.0,459.92,17,alpaca,true,all,true,
2024-01-02T18:31:00+00:00,SPY,1m,460.0,460.0,459.84,459.92,2024.0,459.93,34,alpaca,true,all,true,
2024-01-02T18:32:00+00:00,SPY,1m,459.93,459.93,459.8,459.82,2479.0,459.85,32,alpaca,true,all,true,
2024-01-02T18:33:00+00:00,SPY,1m,459.85,459.96,459.85,459.96,979.0,459.9,22,alpaca,true,all,true,
2024-01-02T18:34:00+00:00,SPY,1m,459.96,460.12,459.96,460.12,580.0,460.07,13,alpaca,true,all,true,
2024-01-02T18:35:00+00:00,SPY,1m,460.12,460.2,460.12,460.2,2025.0,460.17,19,alpaca,true,all,true,
2024-01-02T18:36:00+00:00,SPY,1m,460.21,460.21,460.14,460.14,5586.0,460.17,35,alpaca,true,all,true,
2024-01-02T18:37:00+00:00,SPY,1m,460.15,460.15,460.08,460.1,2803.0,460.11,31,alpaca,true,all,true,
2024-01-02T18:38:00+00:00,SPY,1m,460.18,460.19,460.15,460.16,3966.0,460.18,32,alpaca,true,all,true,
2024-01-02T18:39:00+00:00,SPY,1m,460.14,460.16,460.12,460.16,1449.0,460.13,12,alpaca,true,all,true,
2024-01-02T18:40:00+00:00,SPY,1m,460.17,460.26,460.13,460.21,6149.0,460.17,74,alpaca,true,all,true,
2024-01-02T18:41:00+00:00,SPY,1m,460.21,460.21,460.16,460.2,3365.0,460.19,28,alpaca,true,all,true,
2024-01-02T18:42:00+00:00,SPY,1m,460.23,460.23,460.0,460.01,3331.0,460.14,39,alpaca,true,all,true,
2024-01-02T18:43:00+00:00,SPY,1m,460.03,460.22,460.02,460.22,1936.0,460.11,24,alpaca,true,all,true,
2024-01-02T18:44:00+00:00,SPY,1m,460.13,460.13,460.12,460.12,421.0,460.13,11,alpaca,true,all,true,
2024-01-02T18:45:00+00:00,SPY,1m,460.0,460.0,459.99,459.99,269.0,460.0,9,alpaca,true,all,true,
2024-01-02T18:46:00+00:00,SPY,1m,460.07,460.21,460.07,460.21,872.0,460.12,14,alpaca,true,all,true,
2024-01-02T18:47:00+00:00,SPY,1m,460.25,460.26,460.21,460.21,739.0,460.24,15,alpaca,true,all,true,
2024-01-02T18:48:00+00:00,SPY,1m,460.13,460.13,460.07,460.07,585.0,460.11,11,alpaca,true,all,true,
2024-01-02T18:49:00+00:00,SPY,1m,460.07,460.07,460.02,460.07,431.0,460.05,11,alpaca,true,all,true,
2024-01-02T18:50:00+00:00,SPY,1m,459.95,459.97,459.9,459.93,1870.0,459.93,27,alpaca,true,all,true,
2024-01-02T18:51:00+00:00,SPY,1m,459.96,460.0,459.92,459.92,939.0,459.96,17,alpaca,true,all,true,
2024-01-02T18:52:00+00:00,SPY,1m,459.87,459.87,459.78,459.79,1032.0,459.81,16,alpaca,true,all,true,
2024-01-02T18:53:00+00:00,SPY,1m,459.78,459.83,459.71,459.73,4536.0,459.78,45,alpaca,true,all,true,
2024-01-02T18:54:00+00:00,SPY,1m,459.67,459.71,459.66,459.68,1082.0,459.68,18,alpaca,true,all,true,
2024-01-02T18:55:00+00:00,SPY,1m,459.71,459.73,459.66,459.71,8930.0,459.7,63,alpaca,true,all,true,
2024-01-02T18:56:00+00:00,SPY,1m,459.7,459.72,459.46,459.48,6737.0,459.62,46,alpaca,true,all,true,
2024-01-02T18:57:00+00:00,SPY,1m,459.45,459.52,459.38,459.52,1565.0,459.44,23,alpaca,true,all,true,
2024-01-02T18:58:00+00:00,SPY,1m,459.43,459.43,459.4,459.4,307.0,459.41,6,alpaca,true,all,true,
2024-01-02T18:59:00+00:00,SPY,1m,459.37,459.51,459.37,459.51,2007.0,459.41,25,alpaca,true,all,true,
2024-01-02T19:00:00+00:00,SPY,1m,459.44,459.56,459.41,459.56,1271.0,459.48,23,alpaca,true,all,true,
2024-01-02T19:01:00+00:00,SPY,1m,459.42,459.45,459.42,459.45,341.0,459.43,16,alpaca,true,all,true,
2024-01-02T19:02:00+00:00,SPY,1m,459.38,459.41,459.31,459.31,1122.0,459.37,20,alpaca,true,all,true,
2024-01-02T19:03:00+00:00,SPY,1m,459.26,459.41,459.26,459.35,3456.0,459.38,33,alpaca,true,all,true,
2024-01-02T19:04:00+00:00,SPY,1m,459.32,459.34,459.21,459.23,6431.0,459.29,34,alpaca,true,all,true,
2024-01-02T19:05:00+00:00,SPY,1m,459.23,459.25,459.21,459.22,1678.0,459.23,21,alpaca,true,all,true,
2024-01-02T19:06:00+00:00,SPY,1m,459.13,459.15,459.03,459.07,2737.0,459.1,41,alpaca,true,all,true,
2024-01-02T19:07:00+00:00,SPY,1m,459.0,459.03,458.89,458.91,1269.0,458.98,16,alpaca,true,all,true,
2024-01-02T19:08:00+00:00,SPY,1m,458.97,459.01,458.91,459.01,7225.0,458.97,48,alpaca,true,all,true,
2024-01-02T19:09:00+00:00,SPY,1m,459.0,459.07,458.95,459.07,2486.0,458.99,19,alpaca,true,all,true,
2024-01-02T19:10:00+00:00,SPY,1m,459.07,459.2,459.04,459.16,3149.0,459.14,38,alpaca,true,all,true,
2024-01-02T19:11:00+00:00,SPY,1m,459.14,459.28,459.14,459.22,8806.0,459.26,34,alpaca,true,all,true,
2024-01-02T19:12:00+00:00,SPY,1m,459.23,459.29,459.16,459.29,4248.0,459.21,30,alpaca,true,all,true,
2024-01-02T19:13:00+00:00,SPY,1m,459.41,459.42,459.35,459.36,2234.0,459.38,18,alpaca,true,all,true,
2024-01-02T19:14:00+00:00,SPY,1m,459.35,459.37,459.31,459.31,792.0,459.35,13,alpaca,true,all,true,
2024-01-02T19:15:00+00:00,SPY,1m,459.23,459.23,459.11,459.12,2406.0,459.19,29,alpaca,true,all,true,
2024-01-02T19:16:00+00:00,SPY,1m,459.16,459.16,459.12,459.15,756.0,459.15,14,alpaca,true,all,true,
2024-01-02T19:17:00+00:00,SPY,1m,459.08,459.08,459.08,459.08,331.0,459.08,12,alpaca,true,all,true,
2024-01-02T19:18:00+00:00,SPY,1m,459.11,459.11,459.11,459.11,426.0,459.11,11,alpaca,true,all,true,
2024-01-02T19:19:00+00:00,SPY,1m,459.16,459.19,459.16,459.18,856.0,459.18,14,alpaca,true,all,true,
2024-01-02T19:20:00+00:00,SPY,1m,459.09,459.15,459.07,459.15,1589.0,459.1,14,alpaca,true,all,true,
2024-01-02T19:21:00+00:00,SPY,1m,459.17,459.17,459.13,459.15,485.0,459.15,10,alpaca,true,all,true,
2024-01-02T19:22:00+00:00,SPY,1m,459.1,459.13,459.05,459.07,1189.0,459.08,23,alpaca,true,all,true,
2024-01-02T19:23:00+00:00,SPY,1m,459.07,459.07,458.98,459.01,667.0,459.02,15,alpaca,true,all,true,
2024-01-02T19:24:00+00:00,SPY,1m,459.0,459.02,458.96,458.98,2897.0,458.99,26,alpaca,true,all,true,
2024-01-02T19:25:00+00:00,SPY,1m,459.03,459.04,458.99,458.99,976.0,459.0,16,alpaca,true,all,true,
2024-01-02T19:26:00+00:00,SPY,1m,459.03,459.03,459.0,459.03,1008.0,459.02,19,alpaca,true,all,true,
2024-01-02T19:27:00+00:00,SPY,1m,459.04,459.07,459.03,459.03,1174.0,459.04,26,alpaca,true,all,true,
2024-01-02T19:28:00+00:00,SPY,1m,459.02,459.14,459.02,459.13,5504.0,459.06,54,alpaca,true,all,true,
2024-01-02T19:29:00+00:00,SPY,1m,459.12,459.22,459.12,459.21,953.0,459.19,18,alpaca,true,all,true,
2024-01-02T19:30:00+00:00,SPY,1m,459.18,459.3,459.18,459.3,2029.0,459.23,27,alpaca,true,all,true,
2024-01-02T19:31:00+00:00,SPY,1m,459.32,459.4,459.25,459.25,834.0,459.33,17,alpaca,true,all,true,
2024-01-02T19:32:00+00:00,SPY,1m,459.18,459.19,459.04,459.07,9749.0,459.14,67,alpaca,true,all,true,
2024-01-02T19:33:00+00:00,SPY,1m,459.07,459.11,459.05,459.05,3938.0,459.08,27,alpaca,true,all,true,
2024-01-02T19:34:00+00:00,SPY,1m,459.07,459.09,459.07,459.07,878.0,459.09,19,alpaca,true,all,true,
2024-01-02T19:35:00+00:00,SPY,1m,459.1,459.1,459.0,459.07,2347.0,459.05,24,alpaca,true,all,true,
2024-01-02T19:36:00+00:00,SPY,1m,459.01,459.05,459.0,459.0,464.0,459.02,15,alpaca,true,all,true,
2024-01-02T19:37:00+00:00,SPY,1m,458.97,459.0,458.97,459.0,383.0,458.98,19,alpaca,true,all,true,
2024-01-02T19:38:00+00:00,SPY,1m,459.03,459.05,459.03,459.03,491.0,459.03,16,alpaca,true,all,true,
2024-01-02T19:39:00+00:00,SPY,1m,458.95,458.97,458.87,458.89,1775.0,458.94,30,alpaca,true,all,true,
2024-01-02T19:40:00+00:00,SPY,1m,458.85,458.91,458.82,458.91,9325.0,458.84,41,alpaca,true,all,true,
2024-01-02T19:41:00+00:00,SPY,1m,458.9,458.95,458.9,458.95,542.0,458.92,16,alpaca,true,all,true,
2024-01-02T19:42:00+00:00,SPY,1m,458.89,458.89,458.81,458.85,6530.0,458.86,47,alpaca,true,all,true,
2024-01-02T19:43:00+00:00,SPY,1m,458.88,458.93,458.88,458.93,6173.0,458.89,52,alpaca,true,all,true,
2024-01-02T19:44:00+00:00,SPY,1m,458.89,458.91,458.88,458.89,2073.0,458.89,32,alpaca,true,all,true,
2024-01-02T19:45:00+00:00,SPY,1m,458.89,458.92,458.86,458.89,2120.0,458.88,28,alpaca,true,all,true,
2024-01-02T19:46:00+00:00,SPY,1m,458.9,458.99,458.9,458.99,2140.0,458.96,25,alpaca,true,all,true,
2024-01-02T19:47:00+00:00,SPY,1m,458.98,459.0,458.94,458.94,3720.0,458.98,43,alpaca,true,all,true,
2024-01-02T19:48:00+00:00,SPY,1m,458.94,458.94,458.83,458.83,8180.0,458.86,54,alpaca,true,all,true,
2024-01-02T19:49:00+00:00,SPY,1m,458.84,458.87,458.71,458.71,3470.0,458.81,36,alpaca,true,all,true,
2024-01-02T19:50:00+00:00,SPY,1m,458.74,458.86,458.71,458.74,7943.0,458.75,41,alpaca,true,all,true,
2024-01-02T19:51:00+00:00,SPY,1m,458.76,458.79,458.74,458.78,9705.0,458.77,42,alpaca,true,all,true,
2024-01-02T19:52:00+00:00,SPY,1m,458.8,458.8,458.69,458.69,5400.0,458.76,46,alpaca,true,all,true,
2024-01-02T19:53:00+00:00,SPY,1m,458.69,458.69,458.44,458.44,12299.0,458.52,56,alpaca,true,all,true,
2024-01-02T19:54:00+00:00,SPY,1m,458.44,458.57,458.41,458.52,2534.0,458.5,20,alpaca,true,all,true,
2024-01-02T19:55:00+00:00,SPY,1m,458.49,458.49,458.36,458.41,9620.0,458.42,54,alpaca,true,all,true,
2024-01-02T19:56:00+00:00,SPY,1m,458.44,458.51,458.4,458.51,3705.0,458.46,25,alpaca,true,all,true,
2024-01-02T19:57:00+00:00,SPY,1m,458.46,458.51,458.43,458.43,3549.0,458.46,37,alpaca,true,all,true,
2024-01-02T19:58:00+00:00,SPY,1m,458.41,458.46,458.38,458.43,7558.0,458.42,56,alpaca,true,all,true,
2024-01-02T19:59:00+00:00,SPY,1m,458.38,458.39,458.37,458.37,3366.0,458.38,23,alpaca,true,all,true,
2024-01-02T20:00:00+00:00,SPY,1m,458.31,458.33,458.23,458.27,6208.0,458.28,62,alpaca,true,all,true,
2024-01-02T20:01:00+00:00,SPY,1m,458.25,458.34,458.22,458.24,5750.0,458.27,52,alpaca,true,all,true,
2024-01-02T20:02:00+00:00,SPY,1m,458.22,458.24,458.18,458.2,13432.0,458.21,59,alpaca,true,all,true,
2024-01-02T20:03:00+00:00,SPY,1m,458.14,458.19,458.12,458.12,4298.0,458.14,31,alpaca,true,all,true,
2024-01-02T20:04:00+00:00,SPY,1m,458.13,458.15,457.93,457.98,7787.0,458.05,76,alpaca,true,all,true,
2024-01-02T20:05:00+00:00,SPY,1m,457.99,458.0,457.93,457.94,7367.0,457.96,39,alpaca,true,all,true,
2024-01-02T20:06:00+00:00,SPY,1m,457.94,457.96,457.87,457.88,6002.0,457.91,43,alpaca,true,all,true,
2024-01-02T20:07:00+00:00,SPY,1m,457.88,458.09,457.88,458.04,10084.0,457.96,58,alpaca,true,all,true,
2024-01-02T20:08:00+00:00,SPY,1m,457.99,458.16,457.98,458.12,7010.0,458.07,62,alpaca,true,all,true,
2024-01-02T20:09:00+00:00,SPY,1m,458.16,458.26,458.02,458.05,5955.0,458.14,39,alpaca,true,all,true,
2024-01-02T20:10:00+00:00,SPY,1m,458.07,458.18,458.07,458.09,6554.0,458.13,51,alpaca,true,all,true,
2024-01-02T20:11:00+00:00,SPY,1m,458.07,458.1,458.04,458.09,4597.0,458.07,43,alpaca,true,all,true,
2024-01-02T20:12:00+00:00,SPY,1m,458.09,458.1,457.99,457.99,6531.0,458.04,48,alpaca,true,all,true,
2024-01-02T20:13:00+00:00,SPY,1m,457.98,458.07,457.98,458.02,4322.0,458.03,37,alpaca,true,all,true,
2024-01-02T20:14:00+00:00,SPY,1m,458.01,458.05,457.97,458.01,4621.0,458.0,42,alpaca,true,all,true,
2024-01-02T20:15:00+00:00,SPY,1m,458.02,458.03,457.91,457.94,9578.0,457.96,61,alpaca,true,all,true,
2024-01-02T20:16:00+00:00,SPY,1m,457.91,458.04,457.91,457.99,8970.0,457.99,40,alpaca,true,all,true,
2024-01-02T20:17:00+00:00,SPY,1m,458.05,458.38,458.05,458.38,12435.0,458.24,59,alpaca,true,all,true,
2024-01-02T20:18:00+00:00,SPY,1m,458.35,458.43,458.27,458.31,7456.0,458.35,56,alpaca,true,all,true,
2024-01-02T20:19:00+00:00,SPY,1m,458.3,458.38,458.29,458.33,4339.0,458.34,31,alpaca,true,all,true,
2024-01-02T20:20:00+00:00,SPY,1m,458.3,458.38,458.25,458.37,7403.0,458.32,63,alpaca,true,all,true,
2024-01-02T20:21:00+00:00,SPY,1m,458.34,458.34,458.28,458.33,3736.0,458.3,37,alpaca,true,all,true,
2024-01-02T20:22:00+00:00,SPY,1m,458.34,458.34,458.05,458.06,6776.0,458.18,60,alpaca,true,all,true,
2024-01-02T20:23:00+00:00,SPY,1m,458.11,458.26,458.11,458.26,3491.0,458.21,28,alpaca,true,all,true,
2024-01-02T20:24:00+00:00,SPY,1m,458.24,458.29,458.24,458.27,7878.0,458.26,45,alpaca,true,all,true,
2024-01-02T20:25:00+00:00,SPY,1m,458.26,458.33,458.23,458.27,5665.0,458.27,35,alpaca,true,all,true,
2024-01-02T20:26:00+00:00,SPY,1m,458.24,458.24,458.08,458.17,10614.0,458.15,48,alpaca,true,all,true,
2024-01-02T20:27:00+00:00,SPY,1m,458.22,458.23,458.17,458.18,3054.0,458.19,24,alpaca,true,all,true,
2024-01-02T20:28:00+00:00,SPY,1m,458.18,458.32,458.18,458.3,8066.0,458.27,42,alpaca,true,all,true,
2024-01-02T20:29:00+00:00,SPY,1m,458.31,458.31,458.27,458.27,2528.0,458.3,22,alpaca,true,all,true,
2024-01-02T20:30:00+00:00,SPY,1m,458.27,458.41,458.24,458.39,5898.0,458.34,50,alpaca,true,all,true,
2024-01-02T20:31:00+00:00,SPY,1m,458.36,458.48,458.34,458.48,22893.0,458.38,79,alpaca,true,all,true,
2024-01-02T20:32:00+00:00,SPY,1m,458.49,458.49,458.35,458.49,7959.0,458.44,66,alpaca,true,all,true,
2024-01-02T20:33:00+00:00,SPY,1m,458.44,458.48,458.4,458.45,4375.0,458.44,47,alpaca,true,all,true,
2024-01-02T20:34:00+00:00,SPY,1m,458.34,458.35,458.28,458.28,8043.0,458.32,52,alpaca,true,all,true,
2024-01-02T20:35:00+00:00,SPY,1m,458.27,458.28,458.21,458.25,5049.0,458.25,42,alpaca,true,all,true,
2024-01-02T20:36:00+00:00,SPY,1m,458.25,458.26,458.12,458.2,6872.0,458.18,71,alpaca,true,all,true,
2024-01-02T20:37:00+00:00,SPY,1m,458.21,458.26,458.14,458.26,6546.0,458.2,47,alpaca,true,all,true,
2024-01-02T20:38:00+00:00,SPY,1m,458.25,458.25,458.12,458.13,12950.0,458.15,64,alpaca,true,all,true,
2024-01-02T20:39:00+00:00,SPY,1m,458.12,458.13,458.05,458.13,3609.0,458.07,41,alpaca,true,all,true,
2024-01-02T20:40:00+00:00,SPY,1m,458.1,458.2,458.09,458.14,15200.0,458.15,97,alpaca,true,all,true,
2024-01-02T20:41:00+00:00,SPY,1m,458.12,458.22,458.12,458.18,5418.0,458.18,63,alpaca,true,all,true,
2024-01-02T20:42:00+00:00,SPY,1m,458.17,458.19,458.09,458.17,20615.0,458.14,83,alpaca,true,all,true,
2024-01-02T20:43:00+00:00,SPY,1m,458.18,458.26,458.14,458.19,21577.0,458.21,91,alpaca,true,all,true,
2024-01-02T20:44:00+00:00,SPY,1m,458.2,458.39,458.19,458.36,29605.0,458.26,90,alpaca,true,all,true,
2024-01-02T20:45:00+00:00,SPY,1m,458.37,458.45,458.34,458.36,6955.0,458.41,61,alpaca,true,all,true,
2024-01-02T20:46:00+00:00,SPY,1m,458.36,458.38,458.28,458.33,16301.0,458.33,95,alpaca,true,all,true,
2024-01-02T20:47:00+00:00,SPY,1m,458.35,458.48,458.35,458.42,33592.0,458.43,133,alpaca,true,all,true,
2024-01-02T20:48:00+00:00,SPY,1m,458.42,458.52,458.37,458.49,15450.0,458.44,110,alpaca,true,all,true,
2024-01-02T20:49:00+00:00,SPY,1m,458.48,458.61,458.45,458.56,6903.0,458.55,73,alpaca,true,all,true,
2024-01-02T20:50:00+00:00,SPY,1m,458.71,459.14,458.71,459.14,8825.0,458.98,117,alpaca,true,all,true,
2024-01-02T20:51:00+00:00,SPY,1m,459.13,459.39,459.05,459.25,32598.0,459.21,144,alpaca,true,all,true,
2024-01-02T20:52:00+00:00,SPY,1m,459.26,459.37,459.17,459.23,31391.0,459.27,162,alpaca,true,all,true,
2024-01-02T20:53:00+00:00,SPY,1m,459.25,459.43,459.25,459.34,38041.0,459.35,123,alpaca,true,all,true,
2024-01-02T20:54:00+00:00,SPY,1m,459.35,459.43,459.18,459.27,29353.0,459.33,121,alpaca,true,all,true,
2024-01-02T20:55:00+00:00,SPY,1m,459.29,459.47,459.23,459.33,38499.0,459.34,187,alpaca,true,all,true,
2024-01-02T20:56:00+00:00,SPY,1m,459.32,459.56,459.32,459.56,57698.0,459.48,239,alpaca,true,all,true,
2024-01-02T20:57:00+00:00,SPY,1m,459.55,459.74,459.53,459.74,73978.0,459.66,285,alpaca,true,all,true,
2024-01-02T20:58:00+00:00,SPY,1m,459.78,459.93,459.7,459.9,102584.0,459.81,231,alpaca,true,all,true,
2024-01-02T20:59:00+00:00,SPY,1m,459.89,459.98,459.66,459.98,141300.0,459.9,325,alpaca,true,all,true,
